379.6934814453125,132.89666748046875,76.1060791015625,47.782772064208984,0.00892264861613512,345.7628479003906,10.15643310546875,9.531068801879883,45.876426696777344,652.4856567382812
177.01815795898438,12.24425983428955,88.31909942626953,136.15658569335938,136.17347717285156,21.89397621154785,670.3377075195312,39.723426818847656,349.9385986328125,461.3304748535156
37.51650619506836,287.4083251953125,102.0451889038086,245.6653289794922,1.697815179824829,72.87028503417969,11.967225074768066,1.8235739469528198,5.104949474334717,108.3438949584961
159.83609008789062,39.26585006713867,48.971073150634766,379.58319091796875,123.58401489257812,113.78303527832031,62.32649230957031,6.482781410217285,429.9737243652344,170.29808044433594
46.674774169921875,201.2714385986328,15.868587493896484,2.3394899368286133,186.56643676757812,77.77684783935547,297.4635314941406,38.56724548339844,383.4480895996094,224.96847534179688
173.77105712890625,58.246952056884766,0.011542314663529396,3.722266435623169,44.067955017089844,0.3885332942008972,1.3681169748306274,17.733356475830078,10.47506046295166,1.8663877248764038
94.67500305175781,28.986154556274414,5.467331409454346,217.14224243164062,1.327984094619751,1.9680349826812744,46.11154556274414,8.571391105651855,1.4518547058105469,48.108524322509766
145.85018920898438,51.15629959106445,5.167212963104248,62.54103469848633,2.965740919113159,37.60721969604492,0.4288991093635559,17.859941482543945,13.42092227935791,14.936240196228027
36.46521759033203,39.68436813354492,18.45423126220703,0.8001622557640076,4.933877468109131,45.50243377685547,0.2436799257993698,1.4552186727523804,2.3312108516693115,7.769217491149902
27.1837100982666,0.03331455588340759,2.444423198699951,5.115413665771484,29.54436683654785,89.06280517578125,43.649497985839844,102.14434051513672,13.068121910095215,1.8389835357666016
34.69507598876953,12.554184913635254,55.828983306884766,32.41521453857422,140.02194213867188,6.539793491363525,17.897987365722656,0.20793257653713226,19.013992309570312,0.5562669038772583
7.899971008300781,19.233274459838867,53.017024993896484,43.36855697631836,67.64529418945312,6.180177211761475,42.680885314941406,0.8613758087158203,0.8383492231369019,57.8210563659668
29.74390983581543,38.704769134521484,1.3924373388290405,20.66853141784668,14.479326248168945,40.909454345703125,11.423986434936523,27.95916748046875,67.73870086669922,10.404670715332031
2.860617160797119,55.940914154052734,27.751970291137695,1.3197568655014038,23.587459564208984,52.450218200683594,7.43752908706665,0.9989511370658875,32.990867614746094,5.438929080963135
55.389381408691406,7.353213310241699,43.798702239990234,2.096329689025879,31.72206687927246,12.369495391845703,0.27198922634124756,0.10103043913841248,1.4137414693832397,1.0205669403076172
26.058839797973633,40.320701599121094,16.972238540649414,5.6717681884765625,8.231071472167969,5.224931716918945,1.394785761833191,1.1049039363861084,4.997010707855225,9.821152687072754
14.941866874694824,20.305837631225586,81.80729675292969,2.860239028930664,2.0576608180999756,9.494881629943848,0.7398167848587036,9.91663646697998,0.025023948401212692,88.02557373046875
0.5892449617385864,0.8097237944602966,3.8617353439331055,3.3908300399780273,60.044681549072266,1.4404973983764648,227.7767791748047,27.325300216674805,156.2998809814453,125.1400375366211
29.633079528808594,75.12950134277344,9.562302589416504,35.3859748840332,25.222028732299805,4.870972156524658,68.35124206542969,5.501086235046387,17.199228286743164,14.080623626708984
114.22059631347656,37.95524597167969,18.58290672302246,18.565780639648438,3.2868435382843018,19.083019256591797,13.038715362548828,33.939300537109375,17.694141387939453,113.1385269165039
4.254436492919922,8.127277374267578,0.004092782270163298,43.20149612426758,9.256101608276367,4.080663681030273,5.308826446533203,22.540040969848633,2.0406346321105957,0.041560959070920944
1.7047412395477295,0.008644110523164272,2.0369129180908203,3.8836989402770996,2.0884029865264893,4.528974533081055,11.81917667388916,17.29043960571289,3.908303737640381,0.010407757014036179
18.87466812133789,21.52115249633789,10.39421558380127,3.7443206310272217,0.2077680379152298,6.806446552276611,0.339285671710968,4.008522987365723,2.9982244968414307,3.0197784900665283
3.1963987350463867,1.3396010398864746,2.5985970497131348,21.220409393310547,2.469022750854492,2.5505008697509766,1.0436729192733765,1.5113813877105713,4.286860466003418,1.1685619354248047
16.445676803588867,0.1337631791830063,4.070606231689453,0.07407680153846741,5.185600757598877,0.7932444214820862,11.792585372924805,4.750025272369385,2.8325939178466797,24.837121963500977
8.657629013061523,2.934363603591919,5.006627082824707,0.8514050841331482,7.489399433135986,0.972813069820404,0.06089538708329201,0.5297584533691406,5.9062910079956055,20.733850479125977
3.172328472137451,4.614068031311035,0.004732668399810791,23.17014503479004,15.369831085205078,1.7492326498031616,5.022188663482666,7.591980457305908,6.334291458129883,5.256514072418213
2.4682021141052246,0.05548352748155594,10.23145580291748,0.4955872893333435,1.999092698097229,2.287501335144043,0.9380008578300476,8.512518882751465,3.1483545303344727,1.7782522439956665
2.298888683319092,13.650542259216309,0.054134804755449295,0.6630597114562988,0.39938992261886597,3.162384510040283,1.6860392093658447,2.5049592295545153e-05,81.51156616210938,0.09767711162567139
2.231327772140503,10.323946952819824,6.938758850097656,1.0109138488769531,0.7373461127281189,0.8889070153236389,7.106245040893555,4.496228218078613,4.8982672691345215,2.6281421184539795
41.78621292114258,0.16262497007846832,6.715787410736084,10.73856258392334,29.22473907470703,2.233137369155884,1.074319839477539,3.0213167667388916,21.568052291870117,5.9078450202941895
0.13778702914714813,4.656274318695068,0.8414397239685059,1.7191470861434937,6.369745254516602,1.0097310543060303,19.027421951293945,11.238236427307129,47.090576171875,0.1958780437707901
6.690060615539551,2.935429096221924,1.7876248359680176,2.944659948348999,9.917620658874512,6.583739280700684,8.554756164550781,4.298788070678711,1.1639214754104614,55.74312210083008
3.826265573501587,4.723310947418213,3.944660186767578,33.363460540771484,0.46777579188346863,4.027966499328613,0.11460147053003311,1.7185075283050537,0.7368563413619995,0.9741092324256897
27.784465789794922,0.09275399893522263,0.3799801170825958,13.450760841369629,0.3010663092136383,1.5064319372177124,1.519215703010559,0.006122384686022997,0.00029266366618685424,0.00724908197298646
10.058280944824219,1.5844370126724243,5.857391834259033,0.7573702931404114,22.050777435302734,0.631840169429779,0.002388378605246544,5.646827220916748,122.9339599609375,2.1744089126586914
1.769953966140747,8.958154678344727,3.8274428844451904,3.467942476272583,2.678913116455078,0.6392219662666321,4.872214317321777,1.4562286138534546,0.7022979259490967,4.2362380027771
4.407432556152344,0.17901280522346497,1.8899844884872437,6.808228015899658,3.85371732711792,2.8662757873535156,0.10870271176099777,0.11962178349494934,1.6619722843170166,0.6720978617668152
0.010062113404273987,0.03761935234069824,5.151040554046631,0.06762662529945374,0.3902365565299988,2.404087781906128,1.14853036403656,1.833027958869934,2.3487818241119385,0.2353285700082779
0.21346494555473328,0.5797974467277527,1.5067332983016968,10.348934173583984,8.175455093383789,15.349123001098633,8.097137451171875,1.6150026321411133,2.8292949199676514,0.6451771855354309
0.5884400010108948,0.0608406662940979,1.1004732847213745,0.17700058221817017,0.1620931327342987,1.041878581047058,2.768186092376709,5.750016212463379,0.5934374332427979,12.737034797668457
0.8031948208808899,0.00022192044707480818,2.5173330307006836,0.10436439514160156,0.1404482126235962,0.38212576508522034,1.3450733423233032,1.8912171125411987,0.07141689211130142,34.06971740722656
0.23858822882175446,0.31989437341690063,0.0047355955466628075,39.79745101928711,2.2030725479125977,0.004909174051135778,0.9144017696380615,1.5725630521774292,3.244466781616211,0.15278330445289612
2.168489694595337,4.723947048187256,1.1837488412857056,1.0673190355300903,0.6898387670516968,0.005723694339394569,14.894431114196777,2.0220694541931152,0.0155201256275177,30.94184684753418
2.277009963989258,0.1311207115650177,9.263556480407715,28.416112899780273,8.889314651489258,1.0538700819015503,10.56534194946289,0.06076379865407944,0.2202717512845993,0.6239634156227112
8.648725509643555,0.8336431980133057,0.1060393676161766,3.5374839305877686,0.05590355023741722,9.462860107421875,16.0102481842041,0.0017266597133129835,0.6325988173484802,40.59822463989258
0.8755062818527222,0.09321624040603638,0.11853495985269547,0.03407752141356468,0.1990404725074768,1.6736522912979126,4.1122894287109375,11.934795379638672,2.0171399116516113,13.701262474060059
6.146441459655762,0.43144485354423523,0.0013989923754706979,9.18259048461914,1.5070394277572632,1.1619726419448853,0.18889860808849335,0.0009445024188607931,0.01674528978765011,1.314606785774231
0.00876604299992323,3.6725010871887207,0.38949987292289734,0.05146212875843048,8.334538459777832,0.1286216825246811,0.5943701863288879,0.0002446591679472476,7.777666178299114e-05,1.7548891305923462
19.53407859802246,0.1748475879430771,0.6943089365959167,1.7337167263031006,0.005463921464979649,0.3157103359699249,0.011759061366319656,0.05272506922483444,0.08437991887331009,2.4847018718719482
0.44740018248558044,2.5259671211242676,0.01389746181666851,4.515704154968262,1.5099250078201294,0.008261816576123238,0.09769238531589508,0.021209459751844406,0.9890085458755493,10.846741676330566
1.8700270652770996,0.011135208420455456,0.012829890474677086,6.756600379943848,0.004722583573311567,1.61637544631958,4.127734661102295,0.5504021048545837,2.096742630004883,2.3572492599487305
0.3211488723754883,38.07123565673828,0.41693153977394104,6.355763912200928,0.4570387005805969,0.1957700550556183,0.068226158618927,1.3770822286605835,1.6694942712783813,3.3790085315704346
0.502043604850769,1.5030502080917358,6.053895950317383,1.3274821043014526,1.364437222480774,10.072274208068848,0.038042549043893814,0.024679306894540787,1.636509895324707,0.5067600011825562
0.019077766686677933,7.416393756866455,0.1294768750667572,0.1717938482761383,4.056166172027588,0.14688512682914734,0.4293001592159271,3.1293020248413086,59.83367919921875,2.4773526191711426
0.49850547313690186,1.4032949209213257,7.184016794781201e-06,0.4700689911842346,0.40856167674064636,2.0627174377441406,3.5335514545440674,7.5850043296813965,0.0645240917801857,15.628683090209961
2.6270368099212646,1.0737817287445068,5.336863040924072,0.16650134325027466,0.5019393563270569,5.3072381019592285,0.24507953226566315,0.0029627627227455378,0.013903944753110409,12.482972145080566
14.889277458190918,1.5327494144439697,0.14677883684635162,3.984773874282837,0.5306089520454407,1.163859248161316,1.6837213039398193,2.6045899391174316,1.665149211883545,12.440922737121582
1.1021980047225952,0.0184430330991745,0.4812201261520386,0.4499015808105469,2.524571180343628,3.3949809074401855,1.836445689201355,4.0407304763793945,0.3872997462749481,2.8417627811431885
8.248320579528809,60.966697692871094,22.957965850830078,18.55692481994629,2.316737413406372,8.97509765625,0.0033999208826571703,0.025173045694828033,0.08188457041978836,6.193066120147705
0.25149282813072205,0.023173727095127106,3.050940752029419,1.347064733505249,0.2463243156671524,0.1509227305650711,3.5686373710632324,1.181727409362793,0.012779593467712402,7.36976957321167
0.03168823570013046,0.5162702202796936,0.3301686942577362,1.4729890823364258,0.9166466593742371,0.5635536313056946,0.20988626778125763,0.01157371886074543,3.169800043106079,0.785880446434021
0.2790077328681946,2.8586463928222656,1.3699263334274292,2.0364034175872803,0.16261246800422668,0.03319608420133591,1.1186007261276245,0.38671937584877014,0.13945402204990387,1.0864111185073853
1.7708803415298462,0.9762197136878967,0.9346916079521179,1.0422120094299316,1.0456321239471436,0.9716305732727051,0.6186197400093079,14.8413667678833,1.32701575756073,1.3431000709533691
1.4483509063720703,2.143259048461914,39.30859375,0.028802994638681412,1.2084623575210571,1.8079317808151245,0.02312326803803444,15.912062644958496,2.122039794921875,3.6617462635040283
0.8370600342750549,0.611204981803894,0.7757192254066467,0.041361819952726364,0.00698677496984601,0.010064170695841312,1.9526305198669434,1.6529253721237183,0.08271048963069916,0.607656717300415
0.014012288302183151,0.013285507448017597,0.1749735027551651,15.00231647491455,0.19544781744480133,1.4921610355377197,0.032857559621334076,0.9711304306983948,0.007181383669376373,5.980107307434082
0.016657203435897827,16.664318084716797,0.22010089457035065,0.0007978862267918885,8.665689165354706e-06,0.1728590875864029,1.0986555814743042,0.3168046772480011,0.37794119119644165,9.147253036499023
0.8140504360198975,0.9801259636878967,1.1128123998641968,0.4536460041999817,5.3423075675964355,1.5840283632278442,1.193495273590088,0.8890845775604248,0.028612613677978516,1.1961346864700317
2.768730401992798,1.0702985525131226,2.5163538455963135,7.53780460357666,4.498166084289551,1.1457030773162842,0.306654691696167,0.010004973039031029,0.00176523276604712,1.2111467123031616
1.5150843858718872,0.010553705506026745,2.8761041164398193,1.7461923360824585,1.5594124794006348,0.38430672883987427,2.588517665863037,1.5517144203186035,0.0022745979949831963,1.2540603876113892
15.298048973083496,0.21257196366786957,1.3985580205917358,15.970250129699707,31.45865249633789,24.90866470336914,4.784765243530273,5.391554355621338,1.8456692695617676,1.1800616979599
2.4421305656433105,1.7126388549804688,0.34147605299949646,0.3562898635864258,0.12958189845085144,3.6484158039093018,2.9302988052368164,0.3226403295993805,0.0802597925066948,1.162419080734253
3.0386557579040527,0.17546413838863373,0.03867967426776886,0.5497514009475708,3.1514270305633545,2.140779733657837,4.220530033111572,12.569558143615723,0.001202113926410675,5.262068271636963
14.054579734802246,3.236013889312744,1.2212189435958862,0.2853451371192932,12.100236892700195,1.355433464050293,0.09107130020856857,4.598045825958252,0.01075584627687931,2.221606969833374
0.05091063678264618,0.012268775142729282,0.0662643238902092,0.9874076247215271,2.567676067352295,0.049668002873659134,1.9520769119262695,3.942020893096924,0.12211519479751587,1.2359920740127563
12.964263916015625,0.034386780112981796,2.298769474029541,16.127208709716797,0.945476233959198,1.2867867946624756,0.6090091466903687,0.6426096558570862,0.009353701025247574,0.13625819981098175
2.4775192737579346,0.01487340871244669,0.008198695257306099,1.262589454650879,3.116192579269409,15.796581268310547,0.01073197741061449,14.533479690551758,8.348831176757812,0.5865913033485413
0.2530730664730072,0.6737604737281799,1.348036766052246,1.3948533535003662,2.687903642654419,0.3070371448993683,0.17983359098434448,0.012021237052977085,2.5767405986698577e-06,0.9929535984992981
4.530089063337073e-05,0.24644656479358673,1.3518123626708984,1.5876504182815552,11.397552490234375,2.4795167446136475,0.21169611811637878,0.2458319067955017,12.78864574432373,0.31246230006217957
5.310608863830566,4.0229573249816895,0.5032080411911011,1.409244179725647,0.3967805802822113,6.0939764976501465,6.506469249725342,3.290530204772949,0.023792413994669914,4.526366233825684
0.8041733503341675,0.04097703844308853,3.289452314376831,0.006681762635707855,0.005453810095787048,0.03681911900639534,0.5598078966140747,0.00011507992894621566,0.9991697669029236,1.2788515090942383
0.10772766917943954,2.417306661605835,1.7537460327148438,23.491796493530273,0.24766218662261963,0.9848888516426086,1.2194132804870605,0.16205325722694397,0.010136455297470093,4.8775835037231445
0.11895330250263214,0.09203466027975082,3.4134833812713623,0.8342541456222534,1.4435757398605347,0.44963952898979187,0.05519666150212288,0.01875673606991768,2.1849277019500732,0.03661974519491196
0.01865396276116371,0.020353173837065697,0.46534115076065063,0.8674576878547668,0.002936495700851083,1.5949546098709106,4.214920520782471,1.4352881908416748,0.018289947882294655,0.00019703438738361
0.315584272146225,1.2820863723754883,2.1158432960510254,0.5141936540603638,0.0412965789437294,0.005878022406250238,0.05514645576477051,0.017595794051885605,0.23358485102653503,0.5123308897018433
0.04606368765234947,0.6908159852027893,0.0010525821708142757,0.10711207240819931,1.1767123937606812,0.07791487872600555,4.135607719421387,2.6068568229675293,0.04796379804611206,0.07252299785614014
1.603803038597107,0.013025280088186264,0.005193689838051796,2.404069185256958,0.0015300634549930692,0.01460233610123396,0.6285088658332825,0.014558940194547176,0.0972495749592781,3.9214396476745605
1.8113738298416138,0.7543100714683533,0.1879229098558426,4.519956588745117,2.248878002166748,0.010285009630024433,1.1553242206573486,0.2004295438528061,0.01941433921456337,1.2102817296981812
0.5411129593849182,0.09610528498888016,0.06686939299106598,1.857537031173706,0.058057211339473724,2.9546589851379395,0.03828675299882889,0.015293696895241737,0.09247539937496185,0.05032419413328171
0.12737074494361877,0.0436747670173645,0.26533833146095276,2.314638376235962,0.6907917857170105,4.833530902862549,0.22957563400268555,0.32091495394706726,0.01581856980919838,56.46131134033203
0.47296151518821716,0.0376112163066864,4.453054428100586,0.23109404742717743,4.226218223571777,0.014121164567768574,0.14335709810256958,0.11924422532320023,0.00020587067410815507,1.251238465309143
0.014586231671273708,0.19217917323112488,14.756701469421387,0.047120362520217896,0.002473885426297784,1.0045207738876343,0.0542483888566494,0.014755687676370144,0.10540837794542313,0.567348301410675
2.096590042114258,0.3056526184082031,0.0835542380809784,2.0547707080841064,0.06584202498197556,1.2764129638671875,2.4643502235412598,3.2898144721984863,0.05155540630221367,0.2778371274471283
3.218273162841797,0.3651508688926697,0.3158376216888428,0.0612034797668457,0.11282044649124146,0.23780976235866547,0.28950926661491394,0.015006412751972675,0.16695570945739746,1.2598878145217896
0.9973996877670288,0.0169672891497612,0.33628037571907043,1.40408194065094,0.34240108728408813,0.09820912033319473,0.4069317579269409,1.9377392530441284,0.0010330678196623921,0.9525005221366882
9.911011147778481e-05,0.034861646592617035,0.7465954422950745,3.4422502517700195,0.31313255429267883,0.9970871210098267,0.9970901012420654,0.02119390293955803,0.02118307538330555,279.92926025390625
0.12947648763656616,0.8929027915000916,0.7034285664558411,0.4230613112449646,0.08484044671058655,0.29399049282073975,0.6785151958465576,2.3226091861724854,0.02404547855257988,0.13392384350299835
0.29044702649116516,0.38733047246932983,2.5754358768463135,0.0570853166282177,0.6759070158004761,0.9962684512138367,0.9962648749351501,0.03503705561161041,0.03511524572968483,1.5210423469543457
0.4634457230567932,0.1586741805076599,52.33742904663086,6.01044225692749,0.08359048515558243,1.2011831998825073,0.7758619785308838,0.04016491025686264,0.007666690740734339,1.440382957458496
4.0244325646199286e-05,4.002333164215088,0.057929836213588715,0.48134881258010864,1.9659110307693481,0.04409119859337807,6.185631275177002,1.3014445304870605,11.118633270263672,20.998886108398438
0.4209122359752655,0.4066668748855591,0.8749957084655762,0.21949589252471924,0.9951034188270569,0.9950976967811584,1.0004091262817383,0.061619993299245834,0.05288102477788925,6.221377372741699
0.2906881272792816,0.05571628734469414,0.8464308381080627,0.31384751200675964,0.19596727192401886,1.0470998287200928,0.9948565363883972,0.06638463586568832,0.06643982976675034,0.31614479422569275
0.03363007307052612,0.04774611443281174,99.05057525634766,0.9945681095123291,0.9945807456970215,0.9945904612541199,0.9261366128921509,0.05286678299307823,0.02284388616681099,1.6124155521392822
0.06735338270664215,0.061398398131132126,0.02895842120051384,0.66304612159729,0.10728419572114944,0.6252874732017517,0.993887722492218,0.09385017305612564,0.09398283809423447,0.8567370176315308
0.4824618399143219,0.5757282972335815,0.47517532110214233,0.7134513854980469,0.31232771277427673,0.7473315000534058,0.993939995765686,0.0922941043972969,0.09246627986431122,10.790345191955566
0.97642982006073,0.9936801195144653,0.9936749935150146,0.8780258297920227,0.06610997766256332,0.023078732192516327,0.00072372832801193,0.10126673430204391,0.1013948991894722,1.7386538982391357
0.993368923664093,0.9933643937110901,0.9933589696884155,0.9842948317527771,0.10752557963132858,0.010240827687084675,1.7793941497802734,1.0126699209213257,0.043313656002283096,1.395810842514038
1.1081241369247437,0.9929776191711426,0.9929758310317993,0.8906960487365723,0.08682922273874283,0.006721505429595709,6.293481826782227,0.43284091353416443,0.7521847486495972,1.828574538230896
0.8147295713424683,0.07672742009162903,0.08446133136749268,0.1589178740978241,0.9925763607025146,0.992572546005249,0.7882476449012756,0.06933169066905975,0.08679518848657608,1.8856712579727173
0.07751785963773727,0.0479908250272274,1.9392120838165283,0.1540975570678711,0.992165207862854,0.9921641945838928,0.8303033113479614,0.09374765306711197,0.0014487049775198102,0.07926066219806671
5.51493649254553e-05,0.15231141448020935,0.2270413488149643,0.15783151984214783,1.9518649578094482,0.9920797348022461,0.7635267972946167,0.07440785318613052,0.011363747529685497,1.9498416185379028
0.19292736053466797,0.14745989441871643,0.2765029966831207,0.035973384976387024,1.1158713102340698,0.0005119054112583399,0.9919151663780212,0.16435076296329498,0.16456623375415802,4.300930500030518
2.000373601913452,0.3727278411388397,0.4546094536781311,0.9917278289794922,0.9917244911193848,0.8430857062339783,0.9155654311180115,0.08464080095291138,0.41269242763519287,1.3761630058288574
0.1754869520664215,1.1371697187423706,19.657577514648438,14.702242851257324,0.10831982642412186,1.1763038635253906,1.3239859342575073,0.1936226338148117,0.012339996173977852,2.072824716567993
0.05506560951471329,0.018292006105184555,0.14501699805259705,0.36393892765045166,0.16542477905750275,0.5370559692382812,0.9908065795898438,0.21253806352615356,0.21273793280124664,1.8359352350234985
1.7022380828857422,0.7275775671005249,0.263753741979599,0.6641858220100403,0.11513607949018478,0.06469941139221191,0.5040352940559387,0.22280246019363403,0.22273913025856018,1.2569180727005005
0.5016437768936157,1.0543562173843384,0.9436555504798889,0.7968698143959045,0.38664761185646057,0.0005071533378213644,0.6081143617630005,0.2235001176595688,0.22369050979614258,42.75526809692383
0.2806839346885681,0.3446606993675232,0.6728904843330383,0.6172077059745789,0.16272401809692383,0.38302135467529297,0.9903837442398071,0.23266415297985077,0.2329585701227188,2.1989824771881104
0.637437105178833,0.5765886306762695,0.9115800261497498,0.6687191128730774,0.15889059007167816,0.26389798521995544,0.9899540543556213,0.25396230816841125,0.2542760968208313,2.263522148132324
0.2727993428707123,0.2730523943901062,2.3409204483032227,1.031577467918396,0.667507529258728,0.12456207722425461,0.023828277364373207,0.27394920587539673,0.27406930923461914,2.321296215057373
1.04695463180542,0.31682536005973816,0.48789146542549133,0.7536090612411499,0.1143743023276329,0.08231361955404282,0.9892690181732178,0.2896696627140045,0.2264769971370697,0.9780048131942749
0.0042944704182446,0.29383203387260437,1.3114290237426758,0.04674341529607773,0.36740991473197937,0.989020586013794,0.9890228509902954,0.30289340019226074,0.0552942231297493,0.9120866656303406
0.7583777904510498,0.0010789675870910287,0.16724719107151031,0.11533161997795105,0.9889781475067139,0.9665558338165283,0.7139363288879395,0.15361593663692474,0.01925208419561386,7.99919319152832
0.0823882669210434,23.668514251708984,3.8384063243865967,0.007339552044868469,0.9494432210922241,0.9590288996696472,0.5025480389595032,0.06303899735212326,0.4666926860809326,2.4167544841766357
0.7836022973060608,0.011762888170778751,0.19038352370262146,0.24702070653438568,0.043709054589271545,0.9888466000556946,0.9888419508934021,0.3133383095264435,0.3135841190814972,2.4340403079986572
0.339339017868042,0.06949318945407867,0.058363091200590134,0.20195987820625305,0.3256353437900543,0.9885348677635193,0.9885367155075073,0.33041080832481384,0.330354779958725,22.053245544433594
0.017587773501873016,0.11111757159233093,0.07115039974451065,0.09147264808416367,0.5971368551254272,0.005759844556450844,0.42773476243019104,0.010307086631655693,3.418376922607422,0.8368159532546997
0.9003835916519165,1.0780768394470215,0.8748375773429871,2.3082797527313232,0.010779649950563908,0.16059400141239166,0.9885262846946716,0.3313639760017395,0.33163386583328247,2.4839141368865967
0.6514855623245239,0.1088566780090332,0.30717799067497253,1.61372971534729,0.4354496896266937,0.9884581565856934,0.9884548187255859,0.33542102575302124,0.20933912694454193,2.4945619106292725
13.485943794250488,5.703111171722412,0.39809584617614746,0.9881414771080017,0.3537449836730957,0.042684733867645264,8.431525930063799e-05,0.35380908846855164,0.06517083942890167,107.44181823730469
0.00943068228662014,3.7178568840026855,0.2170891910791397,0.2028793841600418,0.0015899039572104812,0.642578661441803,0.9879115223884583,0.3678894340991974,0.3681420385837555,63.362945556640625
0.3290698230266571,0.27095022797584534,0.6272372603416443,0.16418839991092682,0.07394565641880035,0.9877592325210571,0.9877620935440063,0.37665778398513794,0.37654241919517517,17.43955421447754
0.052041493356227875,0.22528935968875885,0.26107972860336304,0.02854255959391594,0.7313020825386047,0.9879567623138428,0.987952709197998,0.3653528094291687,0.3655770719051361,2.575239896774292
0.004350334871560335,0.07730858772993088,0.06699967384338379,0.00029924497357569635,0.010747494176030159,0.9877235889434814,0.9877216815948486,0.37943610548973083,0.3795633018016815,1.317860722541809
0.27117612957954407,0.6828361749649048,0.18668285012245178,0.037673383951187134,0.9876692295074463,0.987662672996521,0.9876554608345032,0.38381367921829224,0.384196400642395,1.0772833824157715
0.026501845568418503,0.37642204761505127,0.09041601419448853,0.3609626889228821,0.025597967207431793,0.2012733519077301,0.9871437549591064,0.41606035828590393,0.41615569591522217,2.706425428390503
0.5565193891525269,8.190888404846191,0.15004156529903412,1.0557516813278198,0.31100764870643616,0.20715707540512085,0.04680199176073074,0.07660286873579025,0.4387461245059967,2.763265371322632
0.021769626066088676,0.9265000820159912,0.363620400428772,0.0013827030779793859,0.13882477581501007,0.4272313416004181,0.3197440207004547,0.009014101698994637,0.21556295454502106,0.12038840353488922
0.7168467044830322,10.276175498962402,5.372986316680908,0.0010179857490584254,0.2795071601867676,0.9863182902336121,0.9863110184669495,0.4722493290901184,0.0015324231935665011,2.2157700061798096
0.4171122908592224,0.13015498220920563,0.15167562663555145,0.020968681201338768,0.9861258864402771,0.9861223101615906,0.9861178398132324,0.48553621768951416,0.48581013083457947,0.8105403780937195
0.6781564354896545,0.5550589561462402,0.4720322787761688,0.26114797592163086,0.012500029988586903,0.17343617975711823,0.17672665417194366,0.02435702458024025,0.06771770119667053,2.4926936626434326
0.1654515415430069,1.0310658581147436e-05,0.39138951897621155,0.8799929022789001,4.076607704162598,4.760444164276123,0.3699471950531006,0.0010364236077293754,0.036428045481443405,1.1183035373687744
0.10491012036800385,0.9481047987937927,3.530027151107788,0.0018932203529402614,4.29567813873291,1.3278851509094238,0.7816522121429443,0.002417174866423011,0.017750244587659836,0.5767647624015808
0.8448600769042969,1.135542869567871,0.9833340048789978,0.014042103663086891,0.0012703058309853077,1.120736837387085,0.25431668758392334,1.0765405893325806,1.8587548732757568,0.0008001236710697412
0.023918960243463516,0.02207130938768387,1.0608071088790894,0.013193661347031593,0.6033722758293152,0.3783937394618988,0.8020766377449036,0.12997472286224365,0.0005822670646011829,2.8302977085113525
0.9922031164169312,0.9976667761802673,0.9979053735733032,1.0081039667129517,0.07069166004657745,0.0764421597123146,0.9501776099205017,0.07209839671850204,0.07099777460098267,1.5977392196655273
4.329525470733643,0.01016735378652811,1.2966958284378052,0.7247859835624695,0.3789786994457245,0.974474310874939,1.083347201347351,0.13813823461532593,0.10034192353487015,1.7400031089782715
0.09718021750450134,0.09751507639884949,1.8899732828140259,45.76775360107422,0.27814850211143494,1.348020076751709,1.091403841972351,0.167766273021698,0.173493430018425,2.1542749404907227
0.036387793719768524,0.46172037720680237,1.9589977264404297,0.16224291920661926,10.417587280273438,1.4676098823547363,0.34546270966529846,0.10434635728597641,0.09789261221885681,1.6979382038116455
0.04509885609149933,3.3033812046051025,0.02665039710700512,2.9241111278533936,3.431588649749756,2.56386661529541,0.4427478313446045,0.1616441160440445,1.0570166110992432,2.3215222358703613
0.19247125089168549,1.440084457397461,1.2771492004394531,0.627543568611145,0.24348177015781403,0.053249891847372055,1.4552068710327148,0.5500749349594116,0.047049976885318756,3.0347371101379395
0.00034752226201817393,0.0016242447309195995,3.7641987800598145,0.0009830776834860444,0.1881585270166397,2.422879219055176,0.09632618725299835,0.005753162782639265,0.9017482995986938,1.1218153238296509
0.0017135516973212361,1.7330905199050903,0.7380902767181396,0.08543677628040314,0.1254660040140152,0.26302018761634827,2.1789498329162598,0.6289758682250977,0.0904129296541214,3.2153632640838623
0.904401421546936,0.058851271867752075,0.05966939032077789,0.4071885347366333,0.001659476663917303,3.3846547603607178,0.018354779109358788,0.24040350317955017,0.999528706073761,0.0949845016002655
1.659598469734192,2.347770929336548,0.7022560834884644,0.05207783356308937,0.021315764635801315,2.310457468032837,0.21770192682743073,0.6505182385444641,0.12254157662391663,1.8229954242706299
0.14228209853172302,0.0599338561296463,0.019696611911058426,0.013913740403950214,0.1101984828710556,1.1110246181488037,0.7177927494049072,0.003469259012490511,0.6622706055641174,0.09679478406906128
0.6536535620689392,0.34274715185165405,3.2695233821868896,2.8969407081604004,1.7556509971618652,0.9839217066764832,0.6989588141441345,0.45607566833496094,0.0793592780828476,3.263279676437378
0.9833291172981262,0.7015573978424072,0.034245360642671585,1.2228137254714966,0.15133987367153168,0.3013155460357666,0.17683126032352448,75.95528411865234,0.05116754397749901,1.3000487089157104
3.368518829345703,0.7704206705093384,0.8954368233680725,0.5700487494468689,0.24548785388469696,2.2272987365722656,0.25194036960601807,0.11591183394193649,0.6957426071166992,1.1843873262405396
0.9800108075141907,3.9061546325683594,0.12648433446884155,0.1587763875722885,0.6510916948318481,2.1580002307891846,0.3037264049053192,0.1514291763305664,0.1437266767024994,1.9893375635147095
1.6941063404083252,0.2939387261867523,2.0884807109832764,0.2994486689567566,2.072697639465332,0.2626408338546753,0.4541894197463989,0.00024150931858457625,0.46108749508857727,1.8997639417648315
0.10881225764751434,0.8296040296554565,0.8150168061256409,0.45275744795799255,0.6237308382987976,0.20732054114341736,2.104374647140503,0.7201526761054993,0.010533269494771957,1.6544764041900635
0.00015968520892784,0.5385792255401611,0.15117667615413666,0.40982484817504883,0.25562041997909546,2.1972432136535645,0.155044287443161,0.06546084582805634,0.0439031682908535,1.7168285846710205
9.660639762878418,1.5016390085220337,0.5685288906097412,0.16182419657707214,2.062833786010742,2.6469807624816895,0.6247074007987976,0.17047558724880219,6.036660671234131,2.9224979877471924
0.014466424472630024,0.08414202183485031,0.20742389559745789,0.001611767802387476,0.409023255109787,1.2256641387939453,0.9028376936912537,0.1540772020816803,0.055967140942811966,0.8188060522079468
1.351360559463501,5.033500671386719,0.7374922633171082,1.8929985761642456,0.06293581426143646,0.6012514233589172,0.48152053356170654,0.0076261721551418304,0.5472174286842346,3.6413748264312744
0.25759467482566833,1.5445239543914795,0.005019099451601505,1.5580857992172241,0.11546152830123901,0.6000085473060608,0.5378047227859497,0.16499395668506622,0.01877019926905632,1.0977470874786377
0.8134109973907471,3.616476058959961,0.5248410701751709,1.1149506568908691,0.9820685982704163,0.930420458316803,0.2881268262863159,0.17413023114204407,0.02785329520702362,3.6094703674316406
0.8188193440437317,0.28617483377456665,2.1401023864746094,0.6433876752853394,3.4323458671569824,0.9819864630699158,0.9819854497909546,0.8189312219619751,0.08382043242454529,1.9431474208831787
0.11840571463108063,0.9162230491638184,1.0325714349746704,1.1761890649795532,1.1292599439620972,0.98195481300354,0.9819510579109192,0.8222838044166565,0.004858987871557474,3.636948347091675
1.699142575263977,1.9472540616989136,0.01144846249371767,0.7666552662849426,2.461050271987915,0.9817661643028259,0.2021874189376831,0.136103093624115,0.2718818783760071,14.980988502502441
0.24043260514736176,7.009119987487793,0.9808987975120544,2.109161376953125,0.2188541442155838,0.9808663129806519,0.4499252736568451,0.41176003217697144,4.122541213291697e-05,0.26863977313041687
1.2702727317810059,0.009077265858650208,0.14628595113754272,1.4465833902359009,0.9810976386070251,0.9810954928398132,0.150587260723114,0.11823281645774841,13.751106262207031,1.2162327766418457
1.3046927452087402,0.054555658251047134,1.115295648574829,0.9201406240463257,3.046910047531128,0.8118612766265869,0.3333439826965332,0.2130211442708969,0.17414745688438416,0.0003010045038536191
4.452807903289795,0.6293445229530334,2.811722755432129,0.9803721904754639,0.9803609848022461,0.9803495407104492,0.9803376197814941,0.9773629903793335,0.9783088564872742,3.957911252975464
1.040077805519104,0.05773359164595604,4.080130100250244,0.16202403604984283,0.2876649498939514,0.22996945679187775,1.4155004024505615,0.001570489606820047,0.5606340169906616,4.078673839569092
58.204925537109375,35.262569427490234,0.8362696766853333,1.610602617263794,0.26288118958473206,0.9793800115585327,0.15700972080230713,0.18591542541980743,0.5210008025169373,4.1486334800720215
0.0195732694119215,3.9011662006378174,0.362574964761734,0.12977585196495056,0.30791983008384705,0.02042759582400322,0.8639182448387146,6.7575836181640625,0.9672844409942627,1.6463801860809326
26.198049545288086,8.924020767211914,0.9788180589675903,0.4628927707672119,0.5432859063148499,0.21112985908985138,165.79258728027344,113.22261810302734,97.80780792236328,0.8388592600822449
0.3962620496749878,0.9786614179611206,0.9786529541015625,0.9786440134048462,0.9786350131034851,0.9786258339881897,0.9786157011985779,0.001088924240320921,1.1577520370483398,1.5600380897521973
0.0019799841102212667,0.18900182843208313,1.722481608390808,0.9780999422073364,0.9780982732772827,0.9780954718589783,0.7181905508041382,0.9096565842628479,0.21453243494033813,1.7990787029266357
0.01778337173163891,0.9779457449913025,0.9779464602470398,0.9779462218284607,0.9779452681541443,0.9779422283172607,0.9779384136199951,1.2309880256652832,0.053917162120342255,0.33466023206710815
0.38664141297340393,0.9778184294700623,0.9778149127960205,0.9778103828430176,0.977804958820343,0.9777988791465759,0.9777917861938477,1.247820258140564,0.0020334336441010237,1.5221505165100098
1.7386671304702759,0.977490246295929,0.977484405040741,0.9774775505065918,0.9774699807167053,0.9774612784385681,0.9774520993232727,1.2866524457931519,0.014215601608157158,4.558131217956543
0.16212040185928345,0.03277558460831642,0.02511732280254364,0.9768433570861816,0.9768381714820862,0.9768327474594116,0.5446405410766602,0.8301321268081665,0.00030036427779123187,0.30085015296936035
0.4237242043018341,0.018766000866889954,3.7599897384643555,0.9762502908706665,1.4274399280548096,4.427000988016516e-08,0.6777905821800232,0.0004695564857684076,10.269695281982422,2.224536657333374
0.18315744400024414,0.01130899228155613,0.603219211101532,0.34964388608932495,0.9759464263916016,0.9759436249732971,0.05599898472428322,0.0006358548416756094,0.0020722979679703712,1.7828569412231445
21.978553771972656,0.9757123589515686,0.9757180213928223,0.9757210612297058,0.9757227301597595,0.056030359119176865,0.4667181968688965,0.019862834364175797,0.035088662058115005,0.2157672941684723
42.820037841796875,16.08805274963379,0.05620352551341057,0.9755088686943054,0.9755071997642517,0.97550368309021,0.9754989743232727,1.5201464891433716,0.15917639434337616,0.7371031045913696
0.1484801024198532,0.02358614280819893,0.520311176776886,0.9752027988433838,0.9751980900764465,0.5042266845703125,0.0187473576515913,0.011173704639077187,0.17851121723651886,0.5396440625190735
0.2624337077140808,0.10385313630104065,0.08450951427221298,1.6277848482131958,0.9746477007865906,0.1703472137451172,0.13216565549373627,0.0064941877499222755,0.23256130516529083,0.05689220130443573
0.9821673631668091,0.46775588393211365,0.974261462688446,0.9742624163627625,0.9742617011070251,0.06543651223182678,0.14191150665283203,0.006821277551352978,0.4378361105918884,0.6387556195259094
0.002319576684385538,0.8430142402648926,0.20296259224414825,1.6717607975006104,0.5587080717086792,0.97417813539505,0.0008904464775696397,0.07719269394874573,3.5328824520111084,0.11449471861124039
0.0206980612128973,0.001244963612407446,0.9738430976867676,0.9738402366638184,0.9738360047340393,0.9738304018974304,0.9738237857818604,1.736784815788269,1.737400770187378,5.374063014984131
8.372316360473633,0.6017280220985413,0.02906002104282379,0.973713219165802,0.973713219165802,0.9737122654914856,0.973708987236023,1.7516636848449707,1.7518723011016846,5.398852348327637
0.030823489651083946,0.4853375256061554,0.0831364318728447,0.9737052321434021,0.9737052321434021,0.9737030863761902,0.9736995697021484,1.7530444860458374,1.753318190574646,188.45127868652344
1.344577670097351,0.17687983810901642,0.9738529920578003,0.9738553166389465,0.9738560318946838,0.9738555550575256,0.9738532304763794,1.732357382774353,1.7325211763381958,0.948219358921051
10.580543518066406,1.117375373840332,0.8048084378242493,0.9736019372940063,0.9736087918281555,0.9736130237579346,0.9736160635948181,1.763548731803894,1.763176441192627,5.417812824249268
0.05101397633552551,0.41561511158943176,0.014556952752172947,0.9738080501556396,0.9738026261329651,0.9737967252731323,0.9737896919250488,1.7413438558578491,1.7420029640197754,1.044686198234558
1.0315934419631958,0.9732328653335571,0.9732279181480408,0.0020024606492370367,1.8178343772888184,5.515052318572998,0.9732147455215454,1.8181716203689575,1.817968487739563,0.5352431535720825
5.961062908172607,0.5135434865951538,0.02455919049680233,0.9731220602989197,0.9731180667877197,0.9731131792068481,0.9731068015098572,0.15134425461292267,1.83462393283844,0.8149636387825012
0.08950327336788177,0.003423985792323947,0.9726665616035461,4.553224563598633,0.9726656079292297,0.9726635217666626,0.972660481929779,1.8951845169067383,1.895438551902771,1.9638700485229492
1.4528621435165405,0.564041018486023,0.9727006554603577,0.9726929068565369,0.972684919834137,0.9726755023002625,0.972666323184967,1.8951809406280518,0.047834612429142,5.651595115661621
0.2819864749908447,0.00410786597058177,0.004405832849442959,4.775102138519287,0.9723686575889587,0.9723710417747498,0.9723719954490662,1.935211420059204,0.2688472270965576,0.9104947447776794
0.0915476605296135,0.04890876263380051,0.05212724581360817,0.1394040435552597,1.971254587173462,1.9712332487106323,0.9721190333366394,1.9708502292633057,1.9704941511154175,0.38939476013183594
0.22814421355724335,6.836571628809907e-07,0.34413543343544006,0.42849448323249817,0.9720790386199951,0.9720771908760071,0.9720740914344788,1.9780118465423584,0.01624860055744648,0.6709932088851929
2.0070412158966064,0.9670973420143127,0.19144776463508606,0.13637079298496246,0.9718776345252991,0.9718782901763916,0.97187739610672,2.005845069885254,2.005844831466675,82.50761413574219
0.19195519387722015,0.8030177354812622,0.021152494475245476,1.337792992591858,0.9717490673065186,0.6280479431152344,0.0007599082309752703,0.034701019525527954,0.0014452756149694324,5.872636318206787
0.9062529802322388,0.2842099964618683,0.16787180304527283,0.9717685580253601,0.9717671275138855,0.9717645645141602,0.9717608094215393,2.0230324268341064,0.0041805049404501915,5.868818759918213
0.38358670473098755,0.032596271485090256,0.01625845395028591,0.9714226126670837,0.9714188575744629,0.5831397771835327,0.012727040797472,0.007423228118568659,0.026639645919203758,0.22865833342075348
61.93701934814453,3.094808578491211,9.636693000793457,0.15784823894500732,2.874380350112915,0.9536914229393005,0.8736008405685425,1.984039068222046,2.1381709575653076,0.5948466062545776
0.5169374942779541,0.09402496367692947,0.07510066032409668,0.24850259721279144,0.4520307183265686,0.3397103548049927,0.006659826263785362,0.08478208631277084,0.0625319555401802,1.6893230676651
0.006844597402960062,0.09606696665287018,0.041379448026418686,0.6465860605239868,0.9702475666999817,0.0028516279999166727,0.09003537893295288,0.022710656747221947,1.0521247386932373,0.2001749575138092
3.2412538528442383,5.788919448852539,0.9701755046844482,2.257330894470215,0.9518246650695801,0.12721027433872223,0.0015370098408311605,0.014480767771601677,0.3557666540145874,6.259769439697266
0.9084193110466003,0.10055478662252426,0.658137321472168,0.13862080872058868,6.281876564025879,0.39557015895843506,0.0031337568070739508,0.03555445000529289,0.09035792201757431,6.278724193572998
0.22089128196239471,13.47932243347168,3.8401479721069336,7.057775497436523,0.9699066281318665,0.422576367855072,0.014765758998692036,0.12294653058052063,0.0009796401718631387,1.052733302116394
0.11775071173906326,3.04815411567688,1.5795286893844604,3.841717481613159,0.8185552954673767,0.5165249705314636,0.0009613337460905313,0.055759936571121216,0.017747191712260246,0.05584351718425751
0.9693438410758972,0.6179193258285522,0.013633235357701778,0.22507429122924805,0.01156943291425705,0.7570862770080566,0.9693217873573303,2.390310287475586,2.3904809951782227,0.6935836672782898
0.11880254000425339,0.021206118166446686,0.009416703134775162,0.12934307754039764,0.09252367168664932,0.4517614543437958,0.6475664973258972,1.8634371757507324,0.0976821780204773,0.9075540900230408
0.15463805198669434,0.9691488146781921,0.9691504240036011,0.9691502451896667,0.2537296712398529,0.009243111126124859,0.5072951316833496,0.010906587354838848,0.1758061647415161,0.750450074672699
2.4877126216888428,2.254237651824951,0.15785732865333557,0.968691885471344,0.9686859846115112,0.9686782956123352,0.9686705470085144,2.4945120811462402,0.003225750057026744,1.2245570421218872
0.2387792021036148,16.544832229614258,0.33680519461631775,0.9686611294746399,4.4267754554748535,0.9686707854270935,2.492677927017212,2.4919281005859375,3.5374624729156494,0.09694646298885345
5.939467906951904,0.9689347743988037,4.452717304229736,0.9689326286315918,2.6639297008514404,0.7500810027122498,0.44303011894226074,0.03792962059378624,0.013791603967547417,0.2970089614391327
0.5346105098724365,0.9684722423553467,0.968463122844696,0.9684527516365051,0.9684417247772217,0.3043978810310364,0.018429210409522057,0.00034661171957850456,2.6711485385894775,0.8965886831283569
0.7459250092506409,0.2685116231441498,1.1898049116134644,0.0010470685083419085,6.931241035461426,0.12704986333847046,0.967613935470581,2.665619373321533,2.6653003692626953,6.92927885055542
0.008130010217428207,0.15918724238872528,0.003936707507818937,0.9673252701759338,0.5110489726066589,0.0141030577942729,0.5296026468276978,0.05596999078989029,0.09206710010766983,4.4673261642456055
0.9675072431564331,1.8097056150436401,3.4225332736968994,1.4165316820144653,0.9675039649009705,2.6844141483306885,0.07786870002746582,0.13838768005371094,0.02341615781188011,0.9861096739768982
0.7539961934089661,0.08151035010814667,0.7156840562820435,0.008966178633272648,0.5174890756607056,0.058251459151506424,0.6198444366455078,0.00022388872457668185,0.06059449538588524,7.046216011047363
0.9667951464653015,0.9667862057685852,1.4174370765686035,3.8783698081970215,2.8095591068267822,0.10816550999879837,0.6400224566459656,0.07421713322401047,0.10206907242536545,0.12475118041038513
0.9664608836174011,0.9664613604545593,0.7008907198905945,0.1368752121925354,0.05748739093542099,0.044725678861141205,9.502558708190918,2.862683057785034,2.862572431564331,1.78074312210083
0.4346652925014496,0.013531038537621498,6.558583663718309e-06,0.06416332721710205,0.06127888336777687,0.9661620855331421,1.0101953744888306,0.25490906834602356,0.012746104970574379,0.24894468486309052
0.15451544523239136,6.536011369462358e-06,0.00826947670429945,0.9659136533737183,0.12091054022312164,0.044157013297080994,0.12266780436038971,0.12359673529863358,0.06536989659070969,3.532660722732544
0.9654891490936279,3.175973653793335,1.3769484758377075,1.768181324005127,0.06514938920736313,0.1940324902534485,0.34429463744163513,0.050932321697473526,0.9080911874771118,9.616623878479004
0.5424045324325562,0.47498011589050293,0.09555351734161377,0.532551646232605,0.7208900451660156,0.2392643243074417,0.3293917179107666,0.00023393015726469457,3.119128704071045,0.166617289185524
